{
  "Vilhelmsborgvænget, Beder, Denmark": [
    56.0611316,
    10.2020785
  ],
  "Cort Adelers Gade, Aarhus, Denmark": [
    56.1733429,
    10.2195939
  ],
  "Katrinebjergvej, Aarhus, Denmark": [
    56.1734545,
    10.1902736
  ],
  "Byagervænget, Beder, Denmark": [
    56.0539531,
    10.2151068
  ],
  "Astridsvej, Brabrand, Denmark": [
    56.1565233,
    10.1286504
  ],
  "Asser Rigs vej 53, 8960 Randers sø, Denmark": [
    56.442633,
    10.063165
  ],
  "Ejbyvej 12, 8270 Højbjerg, Denmark": [
    56.120016,
    10.169194
  ],
  "Møllevangen, Aarhus, Denmark": [
    56.1855866,
    10.212842
  ],
  "Thorshavnsgade, Aarhus, Denmark": [
    56.1761119,
    10.1834273
  ],
  "Skeltoften, Beder, Denmark": [
    56.0577593,
    10.2105757
  ],
  "Klosterport, Aarhus, Denmark": [
    56.1594795,
    10.2059827
  ],
  "Dr. Margrethes Vej, Randers, Denmark": [
    56.4423702,
    10.0582625
  ],
  "Østermarksvej, Tilst, Denmark": [
    56.1895106,
    10.1232564
  ],
  "Høiriisgårdsvej, Brabrand, Denmark": [
    56.1557684,
    10.0959843
  ],
  "Mejlgade, Aarhus, Denmark": [
    56.1616031,
    10.2143662
  ],
  "Vesterbrogade, Aarhus, Denmark": [
    56.1579829,
    10.1970683
  ],
  "Holstebrovej, Randers SV, Denmark": [
    56.4426347,
    10.0471538
  ],
  "Engtoften, Viby J, Denmark": [
    56.122499,
    10.1679634
  ],
  "Vorup Boulevard, Randers SV, Denmark": [
    56.4448975,
    10.040299
  ],
  "Høegh-Guldbergs Gade, Aarhus, Denmark": [
    56.1633436,
    10.208053
  ],
  "Vandværksvej, Randers, Denmark": [
    56.4376271,
    10.1435396
  ],
  "Bispeparken, Denmark": [
    55.712884,
    12.5324865
  ],
  "Beder Landevej, Beder, Denmark": [
    56.0576495,
    10.2030622
  ],
  "Stadion Allé, Grenaa, Denmark": [
    56.4058846,
    10.8827034
  ],
  "Gammel Munkegade, Aarhus, Denmark": [
    56.1593743,
    10.2042481
  ],
  "Kanehaven, Aarhus, Denmark": [
    56.2072323,
    10.2141055
  ],
  "Fjældevænget, Aarhus, Denmark": [
    56.1782948,
    10.164716
  ],
  "Elgårdsminde, Hadsten, Denmark": [
    56.3341058,
    10.0636544
  ],
  "Langelandsgade, Aarhus, Denmark": [
    56.1729047,
    10.2007565
  ],
  "Frydenlunds Allé, Aarhus, Denmark": [
    56.1654988,
    10.1748524
  ],
  "Vinterslevvej, Hadsten, Denmark": [
    56.3347943,
    10.0477677
  ],
  "Havagervej, Aarhus, Denmark": [
    56.2322978,
    10.3218356
  ],
  "Sydtoften, Aarhus, Denmark": [
    56.1096674,
    10.1450076
  ],
  "Harald Jensens Plads, Aarhus, Denmark": [
    56.1440312,
    10.1907906
  ],
  "Bysmedevej, Tilst, Denmark": [
    56.191956,
    10.1137768
  ],
  "Tousvej, Åbyhøj, Denmark": [
    56.147914,
    10.1551953
  ],
  "Strandhusvej, Egå, Denmark": [
    56.2052127,
    10.2802831
  ],
  "Katterhøjvej, Højbjerg, Denmark": [
    56.1032519,
    10.2139093
  ],
  "Byløkken, Risskov, Denmark": [
    56.2049733,
    10.2208451
  ],
  "Skovlund, Randers, Denmark": [
    56.4491673,
    10.0198013
  ],
  "Krogagre, Risskov, Denmark": [
    56.2085255,
    10.2120911
  ],
  "Holmegårdsvej, Aarhus, Denmark": [
    56.1163895,
    10.1665134
  ],
  "Mariendalsvej, Ebeltoft, Denmark": [
    56.1856239,
    10.7167424
  ],
  "Rådhusgade, Odder, Denmark": [
    55.9809988,
    10.1514047
  ],
  "Vejlby Vænge, Aarhus, Denmark": [
    56.200964,
    10.2146753
  ],
  "Asylvej, Risskov, Denmark": [
    56.1856839,
    10.2189389
  ],
  "Kirkedammen, Aarhus, Denmark": [
    56.1401889,
    10.178156
  ],
  "Doris Kæraas Gade, Aarhus, Denmark": [
    56.196954,
    10.2050466
  ],
  "Åboulevarden 96, Aarhus C, Denmark": [
    56.155973,
    10.202288
  ],
  "Violvej, 8920 Randers, Denmark": [
    56.473209,
    10.0324304
  ],
  "Møddebro Parkvej, 8355 Solbjerg, Denmark": [
    56.0429666,
    10.1010771
  ],
  "Bronzealdervej, 8210 Aarhus, Denmark": [
    56.1709796,
    10.1407093
  ],
  "Dr. Larsens Vej, Hadsten, Denmark": [
    56.3316668,
    10.04258
  ],
  "Villadsensvej, 8240 Risskov, Denmark": [
    56.1858657,
    10.2166869
  ],
  "Vilhelm Becks vej, 8260 Viby J, Denmark": [
    56.1308143,
    10.1776106
  ],
  "Beder Landevej, 8330 Beder, Denmark": [
    56.0576495,
    10.2030622
  ],
  "Bymosevej, 8210 Aarhus, Denmark": [
    56.1728856,
    10.1503995
  ],
  "Tove Ditlevsens Gade, 8240 Risskov, Denmark": [
    56.2034342,
    10.2295212
  ],
  "Panvej, 8960 Randers, Denmark": [
    56.4279288,
    10.071252
  ],
  "Mejlvej, Risskov, Denmark": [
    56.1865495,
    10.2221412
  ],
  "Paderup Mosevej, Randers, Denmark": [
    56.4269908,
    10.0766742
  ],
  "Solsortevej, Hinnerup, Denmark": [
    56.2737404,
    10.0677502
  ],
  "Rosengade, Grenå, Denmark": [
    56.4144894,
    10.8789778
  ],
  "Langkærvej, Tilst, Denmark": [
    56.1874978,
    10.1049065
  ],
  "Finsensgade, Aarhus, Denmark": [
    56.1747567,
    10.2061257
  ],
  "Slotsvej, Ulstrup, Denmark": [
    56.395977,
    9.7772063
  ],
  "Erslevvej, Hadsten, Denmark": [
    56.3489678,
    10.0491463
  ],
  "Havrebakken, Aarhus, Denmark": [
    56.1822613,
    10.2034631
  ],
  "Skytten, Randers, Denmark": [
    56.4856327,
    9.9984441
  ],
  "Kildehøjen, Aarhus, Denmark": [
    56.1974681,
    10.2178582
  ],
  "Egebæksvej, Aarhus, Denmark": [
    56.1201907,
    10.1988824
  ],
  "Jægergårdsgade, Aarhus, Denmark": [
    56.1481505,
    10.2003944
  ],
  "Ølstvadbrovej, Randers, Denmark": [
    56.3900949,
    10.0879195
  ],
  "Eghøjvej, Egå, Denmark": [
    56.2147319,
    10.2722763
  ],
  "Skejbytoften, Aarhus, Denmark": [
    56.1990354,
    10.190624
  ],
  "Solbærhaven, Lystrup, Denmark": [
    56.242114,
    10.2404404
  ],
  "Birkehaven, Lystrup, Denmark": [
    56.2469903,
    10.236752
  ],
  "Ørnelunden, Lystrup, Denmark": [
    56.2429411,
    10.2230504
  ],
  "Brendstrupvej, Aarhus, Denmark": [
    56.1759485,
    10.1931297
  ],
  "Knud Rasmussens Vej, Aarhus, Denmark": [
    56.1757153,
    10.2144292
  ],
  "Store Torv, Aarhus, Denmark": [
    56.1572897,
    10.208999
  ],
  "Bülowsgade, Aarhus, Denmark": [
    56.1458142,
    10.2022541
  ],
  "Studsgade, Aarhus, Denmark": [
    56.1603405,
    10.2117398
  ],
  "Tordenskjoldsgade, Aarhus, Denmark": [
    56.1719261,
    10.2163766
  ],
  "Skovvej, Ryomgård, Denmark": [
    56.3801286,
    10.5092814
  ],
  "Havkærvej, Tilst, Denmark": [
    56.1888898,
    10.1180368
  ],
  "Godhavnsvej, Aarhus, Denmark": [
    56.1826596,
    10.2147408
  ],
  "Ledavej, Randers, Denmark": [
    56.4272027,
    10.0687465
  ],
  "Jernaldervej, Aarhus, Denmark": [
    56.1705765,
    10.1508397
  ],
  "Runehøjen, Aarhus, Denmark": [
    56.1741575,
    10.1345588
  ],
  "Stenbækhave, Brabrand, Denmark": [
    56.1579624,
    10.1178926
  ],
  "Ridderlundvej, Denmark": [
    56.3512488,
    10.6743554
  ],
  "Markedsgade, Randers, Denmark": [
    56.4640635,
    10.0351958
  ],
  "Havhusevej, Denmark": [
    56.5121036,
    10.5036694
  ],
  "Bakkedraget, Ebeltoft, Denmark": [
    56.1975905,
    10.6913108
  ],
  "Panvej, Randers, Denmark": [
    56.4283118,
    10.0709523
  ],
  "Atlasvej, Aarhus, Denmark": [
    56.1285311,
    10.190239
  ],
  "Bojesvej, Randers, Denmark": [
    56.4502637,
    10.0313089
  ],
  "Holmstruphøjvej, Aarhus, Denmark": [
    56.1777931,
    10.1282354
  ],
  "Sadelmagervej, Randers, Denmark": [
    56.4764531,
    10.0010945
  ],
  "Tilst Bypark, Tilst,, Denmark": [
    56.1880298,
    10.0965562
  ],
  "Saralystvej, Aarhus, Denmark": [
    56.1229511,
    10.1960191
  ],
  "Vistoftvej, Sabro, Denmark": [
    56.2111175,
    10.0375129
  ],
  "Ormslevvej, Viby J, Denmark": [
    56.1314986,
    10.1635917
  ],
  "Sønderskovvej, Lystrup, Denmark": [
    56.24159,
    10.2345749
  ],
  "Langtoftevej, Viby J, Denmark": [
    56.1283511,
    10.1480761
  ],
  "Haurumsvej, Tilst, Denmark": [
    56.1890855,
    10.1079816
  ],
  "Glentevej, Grenå, Denmark": [
    56.4087499,
    10.8773615
  ],
  "Vorup Kirkevej, Randers SV, Denmark": [
    56.4413563,
    10.0454736
  ],